Ref,Val,Package,PosX,PosY,Rot,Side
"J1","Conn_02x12_USBC_pins","PinSocket_2x12_P2.00mm_Vertical_EDGE_USBC_pins",35.000000,-20.000000,0.000000,top
"J2","Conn_02x12_USBC_pins","PinSocket_2x12_P2.00mm_Vertical_EDGE_USBC_pins",65.000000,-20.000000,0.000000,top
"J3","Conn_02x12_USBC_pins","PinSocket_2x12_P2.00mm_Vertical_EDGE_USBC_pins",95.000000,-20.000000,0.000000,top
"J4","Conn_02x12_USBC_pins","PinSocket_2x12_P2.00mm_Vertical_EDGE_USBC_pins",125.000000,-20.000000,0.000000,top
"J5","Conn_02x12_USBC_pins_shielded","USB_C_Receptacle_Amphenol_12401548E4-2A",165.000000,-30.000000,90.000000,top
"J6","Conn_02x12_USBC_pins_shielded","USB_C_Receptacle_Amphenol_12401548E4-2A",165.000000,-45.000000,90.000000,top
